precision,recall
0.5365540829414279,1.0
0.5379665379665379,0.999203187250996
0.538659793814433,0.999203187250996
0.5400516795865633,0.999203187250996
0.5405172413793103,0.999203187250996
0.5428571428571428,0.999203187250996
0.5433275563258232,0.999203187250996
0.5447437011294527,0.999203187250996
0.5454545454545454,0.999203187250996
0.5473592317765168,0.999203187250996
0.5487964989059081,0.999203187250996
0.5497588776852258,0.999203187250996
0.5512087912087912,0.999203187250996
0.5524229074889868,0.999203187250996
0.5529100529100529,0.999203187250996
0.5551128818061088,0.999203187250996
0.5553587245349867,0.999203187250996
0.5565912117177098,0.999203187250996
0.5570857396712572,0.999203187250996
0.5583259127337489,0.999203187250996
0.5595716198125836,0.999203187250996
0.5613249776186213,0.999203187250996
0.5618279569892473,0.999203187250996
0.5628366247755835,0.999203187250996
0.5646105357946871,0.999203187250996
0.5658844765342961,0.999203187250996
0.5666516041572526,0.999203187250996
0.5679347826086957,0.999203187250996
0.5692237857467091,0.999203187250996
0.5707783340919436,0.999203187250996
0.5720802919708029,0.999203187250996
0.5736505032021958,0.999203187250996
0.5739130434782609,0.999203187250996
0.5747021081576535,0.999203187250996
0.5752293577981651,0.999203187250996
0.5762867647058824,0.999203187250996
0.5778801843317972,0.999203187250996
0.5786802030456852,0.999203187250996
0.5792147806004619,0.999203187250996
0.579750346740638,0.999203187250996
0.5808244557665586,0.999203187250996
0.5824431026474687,0.999203187250996
0.5843429636533085,0.999203187250996
0.5854341736694678,0.999203187250996
0.5857076132648296,0.999203187250996
0.585981308411215,0.999203187250996
0.5865294667913938,0.999203187250996
0.5879043600562588,0.999203187250996
0.5895627644569816,0.999203187250996
0.5898400752587017,0.999203187250996
0.590951932139491,0.999203187250996
0.5912305516265912,0.999203187250996
0.5923476617855455,0.999203187250996
0.5929078014184397,0.999203187250996
0.5940312648034107,0.999203187250996
0.5944022770398482,0.998406374501992
0.5952494061757719,0.998406374501992
0.5978053435114504,0.998406374501992
0.5992348158775705,0.998406374501992
0.600095785440613,0.998406374501992
0.6015362457993279,0.998406374501992
0.602502406159769,0.9976095617529881
0.6027924891670678,0.9976095617529881
0.6042471042471043,0.9976095617529881
0.6060019361084221,0.9976095617529881
0.6071774975751697,0.9976095617529881
0.6074721009218825,0.9976095617529881
0.6086533787068547,0.9976095617529881
0.6101364522417154,0.9976095617529881
0.6116267708842208,0.9976095617529881
0.6119257086999023,0.9976095617529881
0.6122249388753056,0.9976095617529881
0.6131243878550441,0.9976095617529881
0.6152334152334152,0.9976095617529881
0.615535889872173,0.9976095617529881
0.6161417322834646,0.9976095617529881
0.6164451009354998,0.9976095617529881
0.6182716049382716,0.9976095617529881
0.6180830039525692,0.9968127490039841
0.6193069306930693,0.9968127490039841
0.6199207135777998,0.9968127490039841
0.6202280614774417,0.9968127490039841
0.6208436724565757,0.9968127490039841
0.6217693836978131,0.9968127490039841
0.6226978596316576,0.9968127490039841
0.624251497005988,0.9968127490039841
0.6251874062968515,0.9968127490039841
0.6264396594892339,0.9968127490039841
0.628643216080402,0.9968127490039841
0.6295923502767992,0.9968127490039841
0.6305443548387096,0.9968127490039841
0.6308623298033282,0.9968127490039841
0.6324570273003033,0.9968127490039841
0.6337386018237082,0.9968127490039841
0.6341958396752917,0.9960159362549801
0.6358087487283826,0.9960159362549801
0.6364562118126272,0.9960159362549801
0.6374298827129016,0.9960159362549801
0.6387327542156361,0.9960159362549801
0.639386189258312,0.9960159362549801
0.6401845207585853,0.9952191235059761
0.6408414571575167,0.9952191235059761
0.6414997431946584,0.9952191235059761
0.6424897119341564,0.9952191235059761
0.6438144329896908,0.9952191235059761
0.6441464672511604,0.9952191235059761
0.6454780361757106,0.9952191235059761
0.6452947259565667,0.9944223107569721
0.6459627329192547,0.9944223107569721
0.6473029045643154,0.9944223107569721
0.6476388168137001,0.9944223107569721
0.6479750778816199,0.9944223107569721
0.6486486486486487,0.9944223107569721
0.65,0.9944223107569721
0.651017214397496,0.9944223107569721
0.6520376175548589,0.9944223107569721
0.6523784631468897,0.9944223107569721
0.6527196652719666,0.9944223107569721
0.6530612244897959,0.9944223107569721
0.6554621848739496,0.9944223107569721
0.6561514195583596,0.9944223107569721
0.6575342465753424,0.9944223107569721
0.6578808645229309,0.9944223107569721
0.6585751978891821,0.9944223107569721
0.659270998415214,0.9944223107569721
0.6603174603174603,0.9944223107569721
0.6610169491525424,0.9944223107569721
0.6620689655172414,0.9944223107569721
0.6627721720658524,0.9944223107569721
0.6638297872340425,0.9944223107569721
0.6641830761043108,0.9944223107569721
0.6645367412140575,0.9944223107569721
0.6648907831646244,0.9944223107569721
0.6652452025586354,0.9944223107569721
0.6656,0.9944223107569721
0.6659551760939167,0.9944223107569721
0.667379679144385,0.9944223107569721
0.6677367576243981,0.9944223107569721
0.6691689008042896,0.9944223107569721
0.6702470461868958,0.9944223107569721
0.6709677419354839,0.9944223107569721
0.6720516962843296,0.9944223107569721
0.6724137931034483,0.9944223107569721
0.6727762803234502,0.9944223107569721
0.6735024284943335,0.9944223107569721
0.6742301458670988,0.9944223107569721
0.6745945945945946,0.9944223107569721
0.6753246753246753,0.9944223107569721
0.6767895878524945,0.9944223107569721
0.6786296900489397,0.9944223107569721
0.6793685356559608,0.9944223107569721
0.6801089918256131,0.9944223107569721
0.6812227074235808,0.9944223107569721
0.6827133479212254,0.9944223107569721
0.683461117196057,0.9944223107569721
0.6842105263157895,0.9944223107569721
0.685337726523888,0.9944223107569721
0.6857142857142857,0.9944223107569721
0.6860912589334799,0.9944223107569721
0.6864686468646864,0.9944223107569721
0.6868464501926252,0.9944223107569721
0.6872246696035242,0.9944223107569721
0.6879823594266814,0.9944223107569721
0.6885698509110988,0.9936254980079682
0.689331122166943,0.9936254980079682
0.6908587257617729,0.9936254980079682
0.6912416851441242,0.9936254980079682
0.6916250693288963,0.9936254980079682
0.6923931149361466,0.9936254980079682
0.6927777777777778,0.9936254980079682
0.6935483870967742,0.9936254980079682
0.6939343350027825,0.9936254980079682
0.6954824316787507,0.9936254980079682
0.6962590731434952,0.9936254980079682
0.6982082866741322,0.9936254980079682
0.6985994397759103,0.9936254980079682
0.699383062254627,0.9936254980079682
0.700561797752809,0.9936254980079682
0.700955593029792,0.9936254980079682
0.7017445132245357,0.9936254980079682
0.7021396396396397,0.9936254980079682
0.7025352112676057,0.9936254980079682
0.70372460496614,0.9936254980079682
0.7041219649915302,0.9936254980079682
0.705316742081448,0.9936254980079682
0.7061155152887882,0.9936254980079682
0.7065155807365439,0.9936254980079682
0.7077185017026106,0.9936254980079682
0.7081203861442362,0.9936254980079682
0.7089255258669699,0.9936254980079682
0.7093287827076223,0.9936254980079682
0.7103762827822121,0.9928286852589642
0.7106164383561644,0.9920318725099602
0.7110222729868646,0.9920318725099602
0.7112635791881075,0.9912350597609562
0.713302752293578,0.9912350597609562
0.7141216991963261,0.9912350597609562
0.7145318782309018,0.9912350597609562
0.715765247410817,0.9912350597609562
0.7170028818443804,0.9912350597609562
0.7174163783160323,0.9912350597609562
0.7178303519907675,0.9912350597609562
0.7190751445086705,0.9912350597609562
0.7207415990730012,0.9912350597609562
0.7205797101449275,0.9904382470119522
0.721835075493612,0.9904382470119522
0.7226744186046512,0.9904382470119522
0.7252042007001167,0.9904382470119522
0.7269005847953216,0.9904382470119522
0.727325921591574,0.9904382470119522
0.7286049237983587,0.9904382470119522
0.7294600938967136,0.9904382470119522
0.7297297297297297,0.9896414342629483
0.7301587301587301,0.9896414342629483
0.7314487632508834,0.9896414342629483
0.7323113207547169,0.9896414342629483
0.7331759149940968,0.9896414342629483
0.733451536643026,0.9888446215139443
0.7338852749852158,0.9888446215139443
0.7343195266272189,0.9888446215139443
0.7347542924807579,0.9888446215139443
0.7351895734597157,0.9888446215139443
0.7356253704801423,0.9888446215139443
0.7369358669833729,0.9888446215139443
0.7378121284185494,0.9888446215139443
0.7382510410469958,0.9888446215139443
0.7386904761904762,0.9888446215139443
0.7404534606205251,0.9888446215139443
0.7417812313209803,0.9888446215139443
0.7431137724550898,0.9888446215139443
0.7435590173756741,0.9888446215139443
0.7453453453453454,0.9888446215139443
0.746241731809982,0.9888446215139443
0.7474382157926461,0.9880478087649402
0.748792270531401,0.9880478087649402
0.7496977025392987,0.9880478087649402
0.7501512401693889,0.9880478087649402
0.7506053268765133,0.9880478087649402
0.7510599636583889,0.9880478087649402
0.7528840315725561,0.9880478087649402
0.7537993920972644,0.9880478087649402
0.754257907542579,0.9880478087649402
0.7556368068251066,0.9880478087649402
0.757020757020757,0.9880478087649402
0.7574832009773976,0.9880478087649402
0.7579462102689487,0.9880478087649402
0.7584097859327217,0.9880478087649402
0.7593386405388854,0.9880478087649402
0.7598039215686274,0.9880478087649402
0.7602697731453096,0.9880478087649402
0.7607361963190185,0.9880478087649402
0.7612031921424187,0.9880478087649402
0.7616707616707616,0.9880478087649402
0.7626076260762608,0.9880478087649402
0.7640172520024646,0.9880478087649402
0.7649599012954966,0.9880478087649402
0.7663782447466008,0.9880478087649402
0.7678018575851393,0.9880478087649402
0.7682775712515489,0.9880478087649402
0.768753874767514,0.9880478087649402
0.7697082557417753,0.9880478087649402
0.7701863354037267,0.9880478087649402
0.7706650093225605,0.9880478087649402
0.7711442786069652,0.9880478087649402
0.7725856697819314,0.9880478087649402
0.7727840199750312,0.9864541832669322
0.77375,0.9864541832669322
0.7742338961851157,0.9864541832669322
0.7756892230576441,0.9864541832669322
0.7766624843161857,0.9864541832669322
0.7770100502512562,0.9856573705179282
0.7774984286612193,0.9856573705179282
0.7779874213836478,0.9856573705179282
0.7784770295783512,0.9856573705179282
0.7789672544080605,0.9856573705179282
0.7799495586380832,0.9856573705179282
0.7804416403785489,0.9856573705179282
0.7834072197593414,0.9856573705179282
0.7844007609384908,0.9856573705179282
0.7848984771573604,0.9856573705179282
0.7858958068614994,0.9856573705179282
0.7857596948506039,0.9848605577689243
0.7872611464968153,0.9848605577689243
0.7877629063097514,0.9848605577689243
0.7882653061224489,0.9848605577689243
0.7887683471601787,0.9848605577689243
0.789272030651341,0.9848605577689243
0.789776357827476,0.9848605577689243
0.7907869481765835,0.9848605577689243
0.7912932138284251,0.9848605577689243
0.791800128122998,0.9848605577689243
0.7923076923076923,0.9848605577689243
0.7928159076330982,0.9848605577689243
0.7933247753530167,0.9848605577689243
0.794344473007712,0.9848605577689243
0.794855305466238,0.9848605577689243
0.7953667953667953,0.9848605577689243
0.7974193548387096,0.9848605577689243
0.7984496124031008,0.9848605577689243
0.7994825355756792,0.9848605577689243
0.8005181347150259,0.9848605577689243
0.8015564202334631,0.9848605577689243
0.8020765736534717,0.9848605577689243
0.8025974025974026,0.9848605577689243
0.8031189083820662,0.9848605577689243
0.8036410923276983,0.9848605577689243
0.8041639557579701,0.9848605577689243
0.8040364583333334,0.9840637450199203
0.8050847457627118,0.9840637450199203
0.8056099151989563,0.9840637450199203
0.806135770234987,0.9840637450199203
0.806662312214239,0.9840637450199203
0.8077174623937214,0.9840637450199203
0.8082460732984293,0.9840637450199203
0.809305373525557,0.9840637450199203
0.8102429415627052,0.9832669322709163
0.8107752956636005,0.9832669322709163
0.8113083497698882,0.9832669322709163
0.8118421052631579,0.9832669322709163
0.8123765635286373,0.9832669322709163
0.8134475939353988,0.9832669322709163
0.8145214521452145,0.9832669322709163
0.8143989431968296,0.9824701195219123
0.814937210839392,0.9824701195219123
0.8154761904761905,0.9824701195219123
0.8160158835208471,0.9824701195219123
0.8164347249834327,0.9816733067729083
0.8169761273209549,0.9816733067729083
0.8175182481751825,0.9816733067729083
0.8180610889774237,0.9816733067729083
0.8186046511627907,0.9816733067729083
0.8191489361702128,0.9816733067729083
0.8196939454424484,0.9816733067729083
0.8213333333333334,0.9816733067729083
0.8218812541694464,0.9816733067729083
0.8240802675585285,0.9816733067729083
0.8246318607764391,0.9816733067729083
0.8257372654155496,0.9816733067729083
0.8262910798122066,0.9816733067729083
0.8274009402283412,0.9816733067729083
0.8279569892473119,0.9816733067729083
0.82907133243607,0.9816733067729083
0.8301886792452831,0.9816733067729083
0.8307484828051247,0.9816733067729083
0.8318703578663066,0.9816733067729083
0.8316430020283976,0.9800796812749004
0.8322056833558863,0.9800796812749004
0.8327691266079892,0.9800796812749004
0.8333333333333334,0.9800796812749004
0.8344640434192673,0.9800796812749004
0.835030549898167,0.9800796812749004
0.8355978260869565,0.9800796812749004
0.8361658735554045,0.9800796812749004
0.8367346938775511,0.9800796812749004
0.8373042886317222,0.9800796812749004
0.837874659400545,0.9800796812749004
0.8390177353342428,0.9800796812749004
0.8401639344262295,0.9800796812749004
0.841313269493844,0.9800796812749004
0.8418891170431212,0.9800796812749004
0.8424657534246576,0.9800796812749004
0.8436213991769548,0.9800796812749004
0.8447802197802198,0.9800796812749004
0.8459422283356258,0.9800796812749004
0.8471074380165289,0.9800796812749004
0.8476912474155754,0.9800796812749004
0.8482758620689655,0.9800796812749004
0.8500345542501728,0.9800796812749004
0.8512110726643599,0.9800796812749004
0.8518005540166205,0.9800796812749004
0.8523908523908524,0.9800796812749004
0.8522884882108183,0.9792828685258964
0.8528799444829979,0.9792828685258964
0.8534722222222222,0.9792828685258964
0.8533703961084086,0.9784860557768924
0.8539638386648123,0.9784860557768924
0.8545581071677105,0.9784860557768924
0.8557491289198607,0.9784860557768924
0.8563458856345886,0.9784860557768924
0.8562456385205862,0.9776892430278884
0.8568435754189944,0.9776892430278884
0.856743535988819,0.9768924302788845
0.8579426172148356,0.9768924302788845
0.8585434173669467,0.9768924302788845
0.8603508771929824,0.9768924302788845
0.8615600843288826,0.9768924302788845
0.8621659634317862,0.9768924302788845
0.8627726952850105,0.9768924302788845
0.8633802816901408,0.9768924302788845
0.8639887244538408,0.9768924302788845
0.8645980253878702,0.9768924302788845
0.8652081863091038,0.9768924302788845
0.865819209039548,0.9768924302788845
0.8664310954063604,0.9768924302788845
0.8663366336633663,0.9760956175298805
0.8681785967399008,0.9760956175298805
0.8687943262411347,0.9760956175298805
0.8694109297374024,0.9760956175298805
0.8700284090909091,0.9760956175298805
0.8706467661691543,0.9760956175298805
0.8712660028449503,0.9760956175298805
0.8711743772241993,0.9752988047808765
0.8710826210826211,0.9745019920318725
0.8722341184867951,0.9737051792828685
0.8721428571428571,0.9729083665338646
0.8740157480314961,0.9729083665338646
0.8746418338108882,0.9729083665338646
0.875896700143472,0.9729083665338646
0.8765254845656856,0.9729083665338646
0.8771551724137931,0.9729083665338646
0.8777857656362329,0.9729083665338646
0.8784172661870504,0.9729083665338646
0.8783297336213103,0.9721115537848606
0.8789625360230547,0.9721115537848606
0.8795962509012256,0.9721115537848606
0.8808664259927798,0.9721115537848606
0.8815028901734104,0.9721115537848606
0.8814172089660159,0.9713147410358566
0.88205499276411,0.9713147410358566
0.8826937002172339,0.9713147410358566
0.8839738941261784,0.9713147410358566
0.8846153846153846,0.9713147410358566
0.8859011627906976,0.9713147410358566
0.8865454545454545,0.9713147410358566
0.8864628820960698,0.9705179282868526
0.8871085214857976,0.9705179282868526
0.8877551020408163,0.9705179282868526
0.8876732312180889,0.9697211155378486
0.8883211678832117,0.9697211155378486
0.8882395909422937,0.9689243027888447
0.8888888888888888,0.9689243027888447
0.8895391367959035,0.9689243027888447
0.890190336749634,0.9689243027888447
0.8901098901098901,0.9681274900398407
0.8907624633431085,0.9681274900398407
0.8914159941305942,0.9681274900398407
0.8920704845814978,0.9681274900398407
0.8933823529411765,0.9681274900398407
0.8940397350993378,0.9681274900398407
0.8966789667896679,0.9681274900398407
0.896602658788774,0.9673306772908367
0.8979289940828402,0.9673306772908367
0.8978534418948927,0.9665338645418327
0.8985185185185185,0.9665338645418327
0.899184581171238,0.9665338645418327
0.8998516320474778,0.9665338645418327
0.9005196733481812,0.9665338645418327
0.9011887072808321,0.9665338645418327
0.9018587360594795,0.9665338645418327
0.9024571854058079,0.9657370517928286
0.9031296572280179,0.9657370517928286
0.9037313432835821,0.9649402390438248
0.9044062733383121,0.9649402390438248
0.9050822122571002,0.9649402390438248
0.9050112191473448,0.9641434262948207
0.9049401197604791,0.9633466135458167
0.9056179775280899,0.9633466135458167
0.9062968515742129,0.9633466135458167
0.9069767441860465,0.9633466135458167
0.9076576576576577,0.9633466135458167
0.9083395942900075,0.9633466135458167
0.9090225563909774,0.9633466135458167
0.909706546275395,0.9633466135458167
0.9103915662650602,0.9633466135458167
0.9110776186887717,0.9633466135458167
0.9117647058823529,0.9633466135458167
0.9124528301886793,0.9633466135458167
0.9123867069486404,0.9625498007968127
0.9130763416477702,0.9625498007968127
0.9144587433762301,0.9625498007968127
0.9151515151515152,0.9625498007968127
0.9165402124430956,0.9625498007968127
0.9172361427486713,0.9625498007968127
0.9186311787072243,0.9625498007968127
0.9193302891933028,0.9625498007968127
0.92003046458492,0.9625498007968127
0.9199695121951219,0.9617529880478087
0.9206106870229007,0.9609561752988047
0.9213139801375095,0.9609561752988047
0.9226646248085758,0.9601593625498008
0.9233716475095786,0.9601593625498008
0.924079754601227,0.9601593625498008
0.9247889485801996,0.9601593625498008
0.9247311827956989,0.9593625498007968
0.9254419677171407,0.9593625498007968
0.9261538461538461,0.9593625498007968
0.9268668206312548,0.9593625498007968
0.9275808936825886,0.9593625498007968
0.9282960678488821,0.9593625498007968
0.9304482225656878,0.9593625498007968
0.9311678267594741,0.9593625498007968
0.9311145510835913,0.9585657370517928
0.9325581395348838,0.9585657370517928
0.9332816136539953,0.9585657370517928
0.9340062111801242,0.9585657370517928
0.9347319347319347,0.9585657370517928
0.9354587869362364,0.9585657370517928
0.9361867704280156,0.9585657370517928
0.9361370716510904,0.9577689243027888
0.9368667186282151,0.9577689243027888
0.9368174726989079,0.9569721115537848
0.9375487900078064,0.9569721115537848
0.93828125,0.9569721115537848
0.9389671361502347,0.9561752988047809
0.9389193422083008,0.9553784860557769
0.9388714733542319,0.9545816733067729
0.9396078431372549,0.9545816733067729
0.9403453689167975,0.9545816733067729
0.9410840534171249,0.9545816733067729
0.9418238993710691,0.9545816733067729
0.9425649095200629,0.9545816733067729
0.9433070866141732,0.9545816733067729
0.9440504334121356,0.9545816733067729
0.9447513812154696,0.9537848605577689
0.9454976303317536,0.9537848605577689
0.9462450592885375,0.9537848605577689
0.9462025316455697,0.9529880478087649
0.9469517022961204,0.9529880478087649
0.9477020602218701,0.9529880478087649
0.9484536082474226,0.9529880478087649
0.9499602859412232,0.9529880478087649
0.9499205087440381,0.952191235059761
0.9498806682577565,0.951394422310757
0.9506369426751592,0.951394422310757
0.951394422310757,0.951394422310757
0.9521531100478469,0.951394422310757
0.9521149241819633,0.950597609561753
0.952076677316294,0.949800796812749
0.9528377298161471,0.949800796812749
0.9536,0.949800796812749
0.9535628502802241,0.949003984063745
0.9535256410256411,0.9482071713147411
0.9542902967121091,0.9482071713147411
0.9550561797752809,0.9482071713147411
0.9558232931726908,0.9482071713147411
0.9565916398713826,0.9482071713147411
0.9565567176186646,0.9474103585657371
0.9573268921095008,0.9474103585657371
0.9572925060435133,0.9466135458167331
0.9580645161290322,0.9466135458167331
0.9588377723970944,0.9466135458167331
0.9588045234248789,0.9458167330677291
0.9595796281325788,0.9458167330677291
0.9603559870550162,0.9458167330677291
0.9603238866396762,0.9450199203187251
0.9618815896188159,0.9450199203187251
0.9626623376623377,0.9450199203187251
0.9634443541835905,0.9450199203187251
0.9634146341463414,0.9442231075697212
0.9641985353946297,0.9442231075697212
0.9649837133550488,0.9442231075697212
0.9657701711491442,0.9442231075697212
0.965742251223491,0.9434262948207172
0.966530612244898,0.9434262948207172
0.9672935404742437,0.9426294820717132
0.967266775777414,0.9418326693227091
0.9672399672399672,0.9410358565737051
0.9680327868852459,0.9410358565737051
0.9688269073010665,0.9410358565737051
0.9696223316912972,0.9410358565737051
0.9704190632703369,0.9410358565737051
0.9712171052631579,0.9410358565737051
0.9720164609053498,0.9410358565737051
0.9719934102141681,0.9402390438247012
0.9719703215169002,0.9394422310756972
0.9727722772277227,0.9394422310756972
0.9727497935590421,0.9386454183266932
0.9743589743589743,0.9386454183266932
0.9743377483443708,0.9378486055776892
0.9751449875724938,0.9378486055776892
0.9759535655058044,0.9378486055776892
0.9759336099585062,0.9370517928286852
0.9759136212624585,0.9362549800796812
0.9767054908485857,0.9354581673306773
0.9766860949208993,0.9346613545816733
0.9775,0.9346613545816733
0.9774812343619683,0.9338645418326693
0.9782971619365609,0.9338645418326693
0.9782608695652174,0.9322709163346613
0.9782244556113903,0.9306772908366534
0.9782062028499581,0.9298804780876494
0.9790268456375839,0.9298804780876494
0.979009235936188,0.9290836653386454
0.9789915966386554,0.9282868525896414
0.9789739276703112,0.9274900398406375
0.9797979797979798,0.9274900398406375
0.9806070826306914,0.9266932270916335
0.9814345991561182,0.9266932270916335
0.9822635135135135,0.9266932270916335
0.9830938292476754,0.9266932270916335
0.9830795262267343,0.9258964143426295
0.983065198983912,0.9250996015936255
0.9830508474576272,0.9243027888446215
0.9838846480067854,0.9243027888446215
0.9838709677419355,0.9235059760956176
0.9855442176870748,0.9235059760956176
0.9863829787234043,0.9235059760956176
0.9863713798977853,0.9227091633466136
0.9863481228668942,0.9211155378486056
0.9871904355251921,0.9211155378486056
0.9871794871794872,0.9203187250996016
0.988013698630137,0.9195219123505977
0.9880034275921166,0.9187250996015937
0.9888507718696398,0.9187250996015937
0.988831615120275,0.9171314741035856
0.9888220120378332,0.9163346613545816
0.9888123924268503,0.9155378486055777
0.9896640826873385,0.9155378486055777
0.9896551724137931,0.9147410358565737
0.9896462467644521,0.9139442231075697
0.9905008635578584,0.9139442231075697
0.9904926534140017,0.9131474103585657
0.9913494809688581,0.9131474103585657
0.9922010398613518,0.9123505976095617
0.9921942758022549,0.9115537848605577
0.9921875,0.9107569721115538
0.9930495221546481,0.9107569721115538
0.9930434782608696,0.9099601593625498
0.9930374238468234,0.9091633466135458
0.994768962510898,0.9091633466135458
0.9947643979057592,0.9083665338645418
0.994759825327511,0.9075697211155378
0.9947552447552448,0.9067729083665339
0.994750656167979,0.9059760956175299
0.9947460595446584,0.9051792828685259
0.9947414548641542,0.9043824701195219
0.9947368421052631,0.9035856573705179
0.9947322212467077,0.902788844621514
0.9947275922671354,0.90199203187251
0.9947229551451188,0.901195219123506
0.9947183098591549,0.900398406374502
0.9947136563876652,0.899601593625498
0.9947089947089947,0.8988047808764941
0.9947043248014121,0.8980079681274901
0.9946996466431095,0.8972111553784861
0.9946949602122016,0.896414342629482
0.9946902654867257,0.895617529880478
0.9946855624446412,0.8948207171314742
0.9946808510638298,0.8940239043824701
0.9946761313220941,0.8932270916334661
0.9946714031971581,0.8924302788844621
0.9946666666666667,0.8916334661354581
0.994661921708185,0.8908366533864542
0.9946571682991986,0.8900398406374502
0.9946524064171123,0.8892430278884462
0.9946476360392507,0.8884462151394422
0.9946428571428572,0.8876494023904382
0.9946380697050938,0.8868525896414342
0.9946332737030411,0.8860557768924303
0.9946284691136974,0.8852589641434263
0.9946236559139785,0.8844621513944223
0.9946188340807175,0.8836653386454183
0.9946140035906643,0.8828685258964143
0.9946091644204852,0.8820717131474104
0.9946043165467626,0.8812749003984064
0.9954995499549955,0.8812749003984064
0.9954954954954955,0.8804780876494024
0.9954914337240758,0.8796812749003984
0.9954873646209387,0.8788844621513944
0.995483288166215,0.8780876494023905
0.9954792043399638,0.8772908366533865
0.9963800904977376,0.8772908366533865
0.9963768115942029,0.8764940239043825
0.9963735267452403,0.8756972111553785
0.9963702359346642,0.8749003984063745
0.9963669391462306,0.8741035856573706
0.9963636363636363,0.8733067729083666
0.9963603275705186,0.8725099601593626
0.9963570127504554,0.8717131474103585
0.9963536918869644,0.8709163346613545
0.9963503649635036,0.8701195219123506
0.9963470319634703,0.8693227091633466
0.9963436928702011,0.8685258964143426
0.9963403476669717,0.8677290836653386
0.9963369963369964,0.8669322709163346
0.9963336388634281,0.8661354581673307
0.9963302752293578,0.8653386454183267
0.9963269054178145,0.8645418326693227
0.9972426470588235,0.8645418326693227
0.9972401103955841,0.8637450199203187
0.9972375690607734,0.8629482071713147
0.9972350230414746,0.8621513944223107
0.9972324723247232,0.8613545816733068
0.997229916897507,0.8605577689243028
0.9972273567467652,0.8597609561752988
0.9972247918593895,0.8589641434262948
0.9972222222222222,0.8581673306772908
0.9972196478220574,0.8573705179282869
0.9972170686456401,0.8565737051792829
0.9972144846796658,0.8557768924302789
0.9972118959107806,0.8549800796812749
0.9972093023255814,0.8541832669322709
0.9972067039106145,0.853386454183267
0.9981360671015843,0.853386454183267
0.9981343283582089,0.852589641434263
0.9981325863678805,0.851792828685259
0.9981308411214953,0.850996015936255
0.9981290926099158,0.850199203187251
0.99812734082397,0.8494023904382471
0.99812382739212,0.847808764940239
0.9981220657276996,0.847011952191235
0.9981203007518797,0.846215139442231
0.9981132075471698,0.8430278884462151
0.9981114258734656,0.8422310756972111
0.998109640831758,0.8414342629482072
0.9981078524124882,0.8406374501992032
0.9981060606060606,0.8398406374501992
0.9981024667931688,0.8382470119521912
0.9981006647673314,0.8374501992031872
0.9980988593155894,0.8366533864541833
0.9980970504281637,0.8358565737051793
0.9980952380952381,0.8350597609561753
0.998093422306959,0.8342629482071713
0.9980897803247374,0.8326693227091634
0.9980879541108987,0.8318725099601594
0.9980861244019139,0.8310756972111554
0.9980842911877394,0.8302788844621514
0.9980806142034548,0.8286852589641435
0.9980787704130644,0.8278884462151395
0.9980769230769231,0.8270916334661355
0.9980732177263969,0.8254980079681274
0.9980676328502416,0.8231075697211155
0.9980638915779284,0.8215139442231075
0.998062015503876,0.8207171314741036
0.9980601357904947,0.8199203187250996
0.9990291262135922,0.8199203187250996
0.9990281827016521,0.8191235059760956
0.9990272373540856,0.8183266932270916
0.9990262901655307,0.8175298804780876
0.9990253411306043,0.8167330677290837
0.9990243902439024,0.8159362549800797
0.9990234375,0.8151394422310757
0.9990224828934506,0.8143426294820717
0.9990215264187867,0.8135458167330677
0.9990205680705191,0.8127490039840638
0.9990196078431373,0.8119521912350598
0.9990186457311089,0.8111553784860558
0.9990176817288802,0.8103585657370518
0.9990167158308751,0.8095617529880478
0.9990157480314961,0.8087649402390438
0.9990147783251232,0.8079681274900399
0.9990128331688055,0.8063745019920319
0.9990118577075099,0.8055776892430279
0.9990108803165183,0.8047808764940239
0.999009900990099,0.80398406374502
0.9990089197224975,0.803187250996016
0.9990079365079365,0.802390438247012
0.9990069513406157,0.801593625498008
0.9990059642147118,0.8007968127490039
0.9990049751243781,0.8
0.999003984063745,0.799203187250996
0.9990029910269193,0.798406374501992
0.999000999000999,0.796812749003984
0.999,0.7960159362549801
0.998998998998999,0.7952191235059761
0.998997995991984,0.7944223107569721
0.9989969909729187,0.7936254980079681
0.998995983935743,0.7928286852589641
0.9989949748743718,0.7920318725099602
0.9989939637826962,0.7912350597609562
0.998992950654582,0.7904382470119522
0.998991935483871,0.7896414342629482
0.9989909182643795,0.7888446215139442
0.998989898989899,0.7880478087649403
0.9989888776541962,0.7872509960159363
0.9989878542510121,0.7864541832669323
0.9989858012170385,0.7848605577689243
0.9989847715736041,0.7840637450199203
0.9989837398373984,0.7832669322709164
0.9989827060020345,0.7824701195219124
0.9989806320081549,0.7808764940239044
0.9989795918367347,0.7800796812749003
0.9989785495403473,0.7792828685258965
0.9989754098360656,0.7768924302788844
0.9989743589743589,0.7760956175298804
0.9989733059548255,0.7752988047808765
0.998972250770812,0.7745019920318725
0.9989711934156379,0.7737051792828685
0.9989701338825953,0.7729083665338645
0.9989690721649485,0.7721115537848605
1.0,0.7705179282868526
1.0,0.7697211155378486
1.0,0.7673306772908367
1.0,0.7665338645418327
1.0,0.7657370517928287
1.0,0.7649402390438247
1.0,0.7641434262948207
1.0,0.7633466135458168
1.0,0.7625498007968128
1.0,0.7617529880478088
1.0,0.7609561752988048
1.0,0.7593625498007968
1.0,0.7577689243027889
1.0,0.7569721115537849
1.0,0.7561752988047808
1.0,0.7553784860557768
1.0,0.754581673306773
1.0,0.7537848605577689
1.0,0.7529880478087649
1.0,0.7513944223107569
1.0,0.750597609561753
1.0,0.749800796812749
1.0,0.749003984063745
1.0,0.748207171314741
1.0,0.747410358565737
1.0,0.7466135458167331
1.0,0.7458167330677291
1.0,0.7450199203187251
1.0,0.7442231075697211
1.0,0.7426294820717132
1.0,0.7418326693227092
1.0,0.7410358565737052
1.0,0.7394422310756972
1.0,0.7386454183266933
1.0,0.7378486055776893
1.0,0.7370517928286853
1.0,0.7362549800796813
1.0,0.7354581673306773
1.0,0.7338645418326694
1.0,0.7322709163346613
1.0,0.7314741035856573
1.0,0.7290836653386454
1.0,0.7282868525896414
1.0,0.7274900398406374
1.0,0.7258964143426295
1.0,0.7243027888446215
1.0,0.7227091633466135
1.0,0.7219123505976096
1.0,0.7211155378486056
1.0,0.7187250996015936
1.0,0.7179282868525897
1.0,0.7155378486055777
1.0,0.7147410358565737
1.0,0.7131474103585658
1.0,0.7115537848605578
1.0,0.7107569721115538
1.0,0.7099601593625497
1.0,0.7083665338645418
1.0,0.7059760956175298
1.0,0.7051792828685259
1.0,0.7043824701195219
1.0,0.7035856573705179
1.0,0.700398406374502
1.0,0.699601593625498
1.0,0.69800796812749
1.0,0.6972111553784861
1.0,0.6956175298804781
1.0,0.6948207171314741
1.0,0.6940239043824701
1.0,0.6924302788844622
1.0,0.6916334661354582
1.0,0.6884462151394423
1.0,0.6876494023904383
1.0,0.6868525896414343
1.0,0.6860557768924302
1.0,0.6749003984063745
1.0,0.6733067729083665
1.0,0.6709163346613546
1.0,0.6701195219123506
1.0,0.6685258964143427
1.0,0.6669322709163347
1.0,0.6621513944223107
1.0,0.6565737051792828
1.0,0.651792828685259
1.0,0.650996015936255
1.0,0.649402390438247
1.0,0.6478087649402391
1.0,0.6438247011952192
1.0,0.6390438247011953
1.0,0.6382470119521912
1.0,0.6366533864541832
1.0,0.6294820717131474
1.0,0.6254980079681275
1.0,0.6215139442231076
1.0,0.6207171314741036
1.0,0.6175298804780877
1.0,0.6119521912350597
1.0,0.6103585657370518
1.0,0.6079681274900398
1.0,0.6055776892430279
1.0,0.5928286852589641
1.0,0.5665338645418326
1.0,0.5657370517928287
1.0,0.0
